1001	1
1001H	1H
1001T	1T
1002	2
1002B	2B
1002H	2H
1003	3
1003H	3H
1003N	3N
1004	4
1004H	4H
1006B	6B
1006H	6H
1006T	6T
1007B	7B
1007H	7H
1007T	7T
1008	8
1008H	8H
1008T	8T
1009B	9B
1009H	9H
1009N	9N
1009T	9T
1010	10
1010H	10H
1013	13
1013H	13H
1016	16
1017	17
1019	19
1019E	19E
1020	20
1020N	20N
1021	21
1021N	21N
1022	22
1022B	22B
1022K	22K
1023	23
1023N	23N
1024	24
1024S	24S
1025	25
1026	26
1030	30
1030N	30N
1031	31
1032	32
1033	33
1034	34
1035	35
1036	36
1037	37
1040	40
1040N	40N
1041	41
1042	42
1052	52
1053	53
1054	54
1055	55
1056	56
1057	57
1059	59
1061	61
1061N	61N
1063	63
1064	64
1065	65
1066	66
1067	67
1067N	67N
1069	69
1069N	69N
1070	70
1071	71
1073	73
1073N	73N
1074	74
1074B	74B
1074N	74N
1075	75
1077	77
1077N	77N
1078	78
1078N	78N
1079	79
1079B	79B
1079N	79N
1080	80
1081	81
1082	82
1082B	82B
1083	83
1084	84
1085	85
1085K	85K
1085N	85N
1086	86
1086K	86K
1086N	86N
1087	87
1087N	87N
1088	88
1089	89
1090	90
1090A	90A
1090N	90N
1092	92
1092N	92N
1094	94
1094A	94A
1094B	94B
1094N	94N
1095	95
1095N	95N
1096	96
1096N	96N
1097	97
1097N	97N
1097V	97V
1098	98
1099V	99V
1500	500
1500N	500N
1506	506
1603	603
1701	701
1702	702
1704	704
1802	802
1805	805
1812	812
1813	813
1814	814
1815	815
1816	816
1817	817
1818	818
1831	831
1831K	831K
1839	839
1839K	839K
2015	15
2105	105
2108N	108N
2111	111
2112N	112N
2113	113
2113N	113N
2114	114
2114N	114N
2116	116
2117	117
2118	118
2118N	118N
2119	119
2121	121
2121A	121A
2124	124
2125	125
2125N	125N
2133	133
2134N	134N
2137	137
2138	138
2146N	146N
2147N	147N
2148	148
2149	149
2158	158
2159	159
2162	162
2163	163
2163K	163K
2164	164
2164K	164K
2165	165
2165N	165N
2166	166
2166K	166K
2167	167
2168	168
2169	169
2200	200
2200N	200N
2201	201
2201B	201B
2202	202
2203	203
2206	206
2206K	206K
2207	207
2212	212
2213	213
2213N	213N
2213X	213X
2214	214
2215	215
2224	224
2224B	224B
2225	225
2227	227
2229	229
2231N	231N
2232	232
2235N	235N
2236	236
2236B	236B
2236V	236V
2239	239
2241	241
2241V	241V
2242	242
2244	244
2245A	245A
2246	246
2246K	246K
2246KT	246KT
2246T	246T
2321	321
2345	345
2345N	345N
2348	348
2348BK	348BK
2348K	348K
2349	349
2349B	349B
2349BK	349BK
2436N	436N
2502	502
2510	510
2510N	510N
2531	531
2533	533
2542	542
2544	544
2548	548
2549	549
2553	553
2554	554
2582	582
2582V	582V
3001D	D
3001H	H
3001I	I
3001K	K
3001R	R
3001T	T
3001Z	Z
3002A	A
3002E	E
3002L	L
3002P	P
3002U	U
3002Y	Y
31M1	M1
31M2	M2
31M2B	M2B
4300	300
4300N	300N
4311	311
4313	313
4335	335
4335B	335B
4400	400
4400N	400N
4413	413
4415N	415N
4431	431
4431B	431B
4431N	431N
4433	433
4434	434
4443	443
4443K	443K
4444	444
4444T	444T
4445	445
4446	446
4447	447
4518	518
4522	522
4522B	522B
4560	560
4560N	560N
4561	561
4562	562
4570	570
4570N	570N
4571	571
4572	572
4574	574
4576	576
4587	587
4588	588
4588B	588B
4600	600
4600N	600N
4611	611
4614	614
4617	617
4619	619
4623	623
4624	624
4624N	624N
4625	625
4631	631
4633	633
4711	711
4711K	711K
4712	712
4713	713
4713B	713B
4717	717
4717K	717K
4717N	717N
4718	718
4718A	718A
4719	719
4719B	719B
4719K	719K
4721	721
4721N	721N
4723	723
4724	724
4731	731
4731N	731N
4734	734
4735	735
4736	736
4736B	736B
4737	737
4737K	737K
4739	739
5520	520
5520N	520N
5530	530
5530N	530N
5566	566
5583	583
5583K	583K
5584	584
5584T	584T
6171	171
6171B	171B
6171Z	171Z
6172	172
6173	173
6173N	173N
6173Z	173Z
6175	175
6175V	175V
6181	181
6181K	181K
6182	182
6182A	182A
6182K	182K
6183	183
6184	184
6211E	211E
6211U	211U
6243	243
6243V	243V
6249Y	249Y
6901	901
6901K	901K
6902	902
6902K	902K
6903	903
6903K	903K
6904	904
6906	906
6906B	906B
6907	907
6908	908
6908K	908K
6909	909
6909K	909K
6911	911
6911X	911X
6912	912
6912K	912K
6913A	913A
6913B	913B
6913BT	913BT
6914	914
6914T	914T
6915A	915A
6915AK	915AK
6915B	915B
6915T	915T
6916	916
6916K	916K
6917	917
7191	191
7191A	191A
7192	192
7192KM	192KM
7192M	192M
7192V	192V
7193B	193B
7193V	193V
7194	194
7194K	194K
7194V	194V
7194VK	194VK
7194VT	194VT
7195K	195K
7195V	195V
7275	275
7280	280
7280A	280A
7282	282
7282B	282B
7285	285
7375	375
7375V	375V
7385	385
7385A	385A
7455	455
7455A	455A
7456	456
7456A	456A
7456N	456N
7457	457
7457A	457A
7464	464
7465	465
7465B	465B
7848	848
7848A	848A
7849	849
7899	899
7999	999
9633N	633N
9641	641
9642	642
9642K	642K
9643	643
9643K	643K
9643N	643N
9665	665
9665A	665A
9665K	665K
9665N	665N
9738	738
9785	785
9785K	785K
9787	787
9787A	787A
9787B	787B
9787K	787K
9788	788
9788B	788B
9788K	788K
9841	841
9841B	841B
9841N	841N
9842	842
9843	843
9844	844
9961	961
9961B	961B
9962	962
9963	963
9963B	963B
9964	964
9964K	964K
9965	965
9965K	965K
9965T	965T
9966	966
9967	967
9967K	967K
9969X	969X
9971	971
9971B	971B
9972	972
9973	973
9975	975
9975N	975N
9976	976
9977	977
9977V	977V
9978	978
9978K	978K
9982	982
9984	984
9984K	984K
9985	985
9986	986
9986B	986B
9987	987
9987A	987A
9987B	987B
9987T	987T
9989	989
9989A	989A
9989B	989B
9989V	989V
9992	992
9993	993
9993K	993K
9994	994
9994K	994K
9995	995
9996	996
